study_hours_per_week,attendance_percentage,previous_exam_score,sleep_hours_per_night,revision_frequency_per_week,final_score
20.4,85.4,43.2,6.8,1,62.5
9.7,96.1,23.4,7.2,3,42.0
24.0,82.9,43.8,7.9,0,57.2
25.5,88.4,46.8,6.6,6,72.7
2.4,61.5,28.0,7.6,5,30.6
7.6,81.5,49.0,6.7,0,48.9
19.0,73.6,43.9,6.9,1,55.8
15.5,69.8,33.1,7.9,4,50.0
17.9,73.2,44.6,4.8,4,61.4
11.2,78.7,50.5,5.6,6,53.8
25.0,91.2,46.5,5.4,2,72.3
24.2,68.7,40.9,4.4,7,60.5
18.5,82.3,52.9,6.3,3,56.9
27.0,77.2,51.4,7.8,6,73.3
21.7,78.7,55.4,6.7,1,59.3
11.1,92.0,44.3,7.2,0,48.1
21.0,87.4,57.4,8.2,0,66.0
10.3,95.4,35.3,8.5,2,50.5
25.0,80.5,52.5,6.9,7,70.7
17.6,75.0,43.4,8.5,0,56.4
16.5,79.8,34.7,7.1,2,56.3
12.6,84.4,29.6,6.1,0,48.4
27.8,83.8,61.8,6.3,7,81.7
16.8,71.2,40.5,5.4,5,59.4
14.6,82.9,35.7,6.0,6,46.6
15.2,84.3,44.9,6.6,5,57.4
22.3,100.0,65.5,7.9,5,74.4
20.9,100.0,33.7,8.9,6,62.6
21.3,73.5,34.4,5.5,0,47.6
21.4,79.1,41.1,7.4,6,63.5
35.1,67.4,70.6,5.9,5,91.6
14.7,76.1,45.9,7.5,5,57.9
13.9,85.2,51.8,6.9,3,60.4
11.5,94.1,34.9,5.0,6,50.5
22.9,74.7,39.4,8.0,3,60.0
27.0,75.5,57.0,6.3,0,66.8
17.1,60.5,41.8,6.4,7,58.7
11.3,80.4,46.6,5.8,1,53.9
11.4,71.4,37.8,6.3,0,49.9
23.2,76.7,52.7,7.5,4,69.4
23.9,73.2,51.4,6.8,1,65.4
22.3,81.1,57.6,7.4,6,68.0
12.7,64.4,46.0,7.4,3,51.8
19.9,67.3,30.6,8.5,0,51.1
18.9,100.0,32.4,6.6,7,65.2
19.7,69.1,54.6,5.4,4,62.2
25.0,71.0,60.9,8.2,2,72.6
19.8,100.0,44.1,6.6,5,67.3
23.4,100.0,39.5,8.2,4,70.4
18.5,70.3,45.8,7.4,0,56.0
20.3,78.3,56.7,6.9,6,67.7
23.1,85.4,68.5,7.4,3,76.7
6.3,99.3,47.0,9.1,5,41.6
15.4,72.1,39.5,9.3,7,56.9
14.2,79.5,35.7,7.1,4,37.8
12.9,89.8,45.4,7.2,5,51.8
15.8,86.3,44.0,8.2,2,57.8
30.0,78.2,46.9,6.1,1,68.1
11.1,80.7,60.0,7.4,3,55.2
25.7,68.3,66.2,7.0,6,73.8
4.5,79.6,46.3,7.3,4,54.3
15.3,79.3,36.3,6.1,2,47.7
19.3,84.3,56.7,5.3,6,75.9
22.7,76.4,55.5,4.7,6,67.2
23.7,86.7,57.1,5.8,7,75.1
24.3,92.1,66.3,6.5,2,80.7
15.2,83.6,51.3,6.7,5,62.1
14.3,85.5,52.0,9.1,4,55.0
24.9,82.5,58.8,8.2,3,70.8
16.5,82.0,49.2,5.9,3,57.9
7.8,74.8,21.4,7.4,0,29.5
8.9,85.2,41.7,6.6,2,47.1
10.6,81.0,36.3,6.7,4,46.1
22.0,100.0,43.6,7.2,7,74.0
19.1,97.7,67.4,7.7,6,77.2
23.5,85.9,68.3,6.6,1,71.1
14.6,74.4,55.0,8.2,5,60.8
19.3,70.9,47.9,5.7,0,54.9
23.0,93.9,66.5,7.0,5,80.3
15.5,84.6,46.2,9.9,2,49.9
21.7,86.8,53.3,7.2,3,63.2
12.7,64.6,29.0,8.6,5,49.9
15.1,91.3,51.0,7.1,3,59.3
14.9,86.5,46.6,7.6,6,56.3
8.4,70.9,25.2,6.9,4,42.4
21.9,77.3,48.9,6.8,7,69.8
14.2,84.6,44.3,6.1,5,50.8
18.1,82.5,63.8,7.5,2,68.1
21.8,79.1,57.8,6.1,6,72.9
21.6,81.0,50.1,7.7,3,66.3
23.3,79.5,53.3,8.2,4,70.6
17.2,83.5,47.5,7.4,1,52.4
14.6,96.7,46.5,6.7,0,56.6
17.4,56.3,30.7,7.5,4,48.2
4.5,79.6,34.6,6.7,1,37.0
6.4,83.8,31.9,8.0,7,51.3
7.4,85.0,28.4,5.0,6,49.1
10.0,78.3,44.7,6.6,5,60.1
21.2,64.4,49.1,4.8,5,65.0
10.8,85.3,26.3,5.4,4,43.0
15.0,99.3,48.2,8.5,0,57.9
28.4,66.7,60.8,8.0,3,75.9
15.1,90.6,56.8,6.2,3,62.7
23.9,78.7,60.5,5.3,7,73.6
10.5,81.4,41.6,4.0,1,47.1
16.4,71.5,35.8,6.4,3,50.4
10.4,78.7,30.7,9.7,2,38.6
15.3,95.0,51.6,7.5,1,58.6
24.7,87.8,57.6,6.4,0,69.9
4.2,99.3,52.3,7.5,2,52.6
21.5,93.8,63.0,5.3,0,67.6
19.9,86.4,48.8,6.7,0,61.9
13.2,99.4,36.8,7.1,2,51.7
6.4,86.4,36.4,6.9,1,46.0
18.6,90.3,51.9,7.9,4,67.1
13.8,79.0,41.5,7.4,0,45.1
19.9,82.7,43.9,7.7,2,65.3
18.2,75.0,48.1,6.2,3,56.2
30.8,91.9,55.6,8.0,7,75.3
16.1,70.2,37.3,8.8,5,48.8
9.8,89.8,45.6,5.9,7,52.5
19.4,80.1,44.5,6.0,2,57.3
19.8,93.7,53.9,8.5,3,65.0
28.9,89.5,60.4,6.8,3,75.5
24.7,100.0,47.0,8.5,7,75.7
20.9,89.3,47.2,6.5,7,69.4
29.7,66.3,65.8,8.6,7,81.3
8.5,81.3,29.2,7.1,6,48.7
12.9,70.3,21.3,7.3,4,45.8
10.6,76.8,23.4,8.7,4,33.4
14.9,97.1,48.9,6.6,7,63.5
7.0,88.4,40.5,6.0,2,36.8
23.1,75.0,48.7,6.5,2,62.2
16.2,71.9,54.4,7.5,7,65.4
6.2,82.3,14.0,5.3,3,36.2
9.9,69.8,41.4,7.7,1,50.7
20.5,75.3,61.8,6.4,4,68.8
24.7,85.1,43.4,8.3,2,61.3
34.0,93.6,59.6,4.4,7,84.9
40.0,88.1,59.7,6.1,7,88.0
21.3,59.1,36.3,5.1,2,50.0
10.1,85.0,38.9,6.1,4,53.5
1.0,82.7,46.8,7.3,7,47.7
20.1,86.1,66.7,6.8,5,76.8
11.5,98.2,43.2,6.7,1,55.2
14.7,61.4,56.7,6.8,4,54.8
13.1,76.1,42.3,7.2,4,57.8
16.9,87.9,63.8,5.9,5,71.1
26.5,66.2,49.4,7.8,0,63.0
19.3,96.8,53.3,7.7,2,62.7
16.7,85.7,50.6,7.4,6,61.9
9.7,90.5,71.5,7.6,1,61.1
4.6,76.3,42.9,7.3,2,46.5
14.1,90.1,40.0,9.2,2,47.9
17.6,92.7,58.4,6.9,1,65.9
32.1,84.3,56.0,6.7,1,69.3
19.0,84.3,44.4,6.2,2,56.9
25.9,84.7,62.5,5.9,6,76.9
14.0,73.4,42.3,5.6,0,56.8
8.5,80.5,42.0,6.0,2,40.7
10.3,80.5,41.0,6.9,0,52.2
12.2,85.8,46.7,7.4,4,57.7
35.0,92.0,67.3,7.1,2,86.8
11.4,71.4,22.1,6.2,6,43.7
24.7,80.7,58.5,8.0,4,73.9
10.8,96.8,36.5,7.8,6,54.7
25.5,74.6,38.5,6.8,5,69.5
21.1,73.8,47.3,6.3,3,58.5
16.7,84.0,47.7,7.6,6,68.2
17.7,90.4,43.0,7.2,3,57.1
12.8,82.1,50.7,5.4,7,59.1
21.6,95.3,41.5,6.9,7,63.5
14.4,90.6,43.0,7.3,4,59.9
8.2,90.4,36.4,6.0,5,54.6
7.8,87.5,40.2,7.2,2,47.5
19.4,100.0,55.5,5.4,6,68.7
30.6,79.9,47.9,8.5,5,68.6
19.3,62.0,49.9,8.4,7,62.1
17.1,98.0,51.2,6.7,2,55.9
20.3,77.4,31.1,7.4,6,54.6
28.4,83.1,38.4,4.3,3,62.6
19.8,95.1,52.0,5.7,1,67.1
14.7,66.0,38.8,6.7,1,58.8
26.9,69.5,50.4,5.8,4,64.3
21.4,66.0,45.9,7.8,2,64.5
30.3,74.1,57.3,9.2,0,69.8
19.5,86.4,58.2,5.7,3,64.6
8.2,87.2,30.9,6.1,5,47.6
7.1,84.8,28.8,7.3,2,41.8
31.2,67.9,44.6,8.8,7,72.3
31.8,58.9,55.3,5.7,6,71.9
16.6,82.5,57.6,7.3,4,59.5
14.9,77.3,39.9,9.0,7,50.3
29.7,86.6,35.4,5.2,3,66.0
9.1,89.0,26.7,5.6,1,38.5
10.8,83.4,34.5,6.5,0,41.5
23.1,89.6,48.4,6.4,7,70.6
14.8,84.3,41.8,7.9,7,63.3
18.0,87.3,49.0,7.3,5,65.3
16.7,75.0,41.8,5.0,0,46.0
